,2016,2016,2016,2015,2015,2015,2014,2014,2014,2013,2013,2013
," Prevalence of overweight among adults, BMI &amp;GreaterEqual, 25 (age-standardized estimate) (%)"," Prevalence of overweight among adults, BMI &amp;GreaterEqual, 25 (age-standardized estimate) (%)"," Prevalence of overweight among adults, BMI &amp;GreaterEqual, 25 (age-standardized estimate) (%)"," Prevalence of overweight among adults, BMI &amp;GreaterEqual, 25 (age-standardized estimate) (%)"," Prevalence of overweight among adults, BMI &amp;GreaterEqual, 25 (age-standardized estimate) (%)"," Prevalence of overweight among adults, BMI &amp;GreaterEqual, 25 (age-standardized estimate) (%)"," Prevalence of overweight among adults, BMI &amp;GreaterEqual, 25 (age-standardized estimate) (%)"," Prevalence of overweight among adults, BMI &amp;GreaterEqual, 25 (age-standardized estimate) (%)"," Prevalence of overweight among adults, BMI &amp;GreaterEqual, 25 (age-standardized estimate) (%)"," Prevalence of overweight among adults, BMI &amp;GreaterEqual, 25 (age-standardized estimate) (%)"," Prevalence of overweight among adults, BMI &amp;GreaterEqual, 25 (age-standardized estimate) (%)"," Prevalence of overweight among adults, BMI &amp;GreaterEqual, 25 (age-standardized estimate) (%)"
, 18+  years, 18+  years, 18+  years, 18+  years, 18+  years, 18+  years, 18+  years, 18+  years, 18+  years, 18+  years, 18+  years, 18+  years
Country, Both sexes, Male, Female, Both sexes, Male, Female, Both sexes, Male, Female, Both sexes, Male, Female
Afghanistan,23.0 [18.5-27.8],19.7 [13.6-27.1],26.1 [20.1-33.0],22.3 [18.1-27.0],19.1 [13.2-26.2],25.4 [19.7-32.0],21.7 [17.7-26.2],18.5 [12.9-25.2],24.7 [19.2-31.1],21.1 [17.2-25.4],18.0 [12.6-24.4],24.1 [18.7-30.2]
Albania,57.7 [52.7-62.5],64.4 [57.5-70.9],51.1 [44.2-58.0],57.0 [52.2-61.6],63.6 [56.8-69.9],50.5 [43.9-57.2],56.3 [51.8-60.7],62.7 [56.3-68.8],49.9 [43.6-56.3],55.5 [51.2-59.8],61.8 [55.6-67.7],49.3 [43.2-55.5]
Algeria,62.0 [57.4-66.6],57.8 [50.8-64.6],66.1 [59.9-72.2],61.3 [56.9-65.7],57.0 [50.3-63.5],65.5 [59.6-71.2],60.5 [56.3-64.7],56.1 [49.7-62.4],64.9 [59.2-70.4],59.8 [55.7-63.8],55.2 [49.0-61.2],64.3 [58.8-69.5]
Andorra,63.7 [58.7-68.3],70.3 [63.5-76.3],56.9 [49.6-64.0],63.5 [58.7-67.9],70.0 [63.6-75.9],56.8 [49.9-63.6],63.3 [58.8-67.5],69.8 [63.5-75.4],56.6 [50.0-63.1],63.1 [58.7-67.1],69.5 [63.6-74.9],56.5 [50.1-62.8]
Angola,27.5 [22.1-33.3],19.5 [12.4-27.3],34.9 [27.0-43.6],26.8 [21.7-32.4],18.9 [12.1-26.4],34.1 [26.5-42.5],26.2 [21.2-31.5],18.3 [11.8-25.5],33.4 [26.1-41.5],25.5 [20.7-30.6],17.7 [11.6-24.7],32.6 [25.6-40.5]
Antigua and Barbuda,48.0 [42.1-54.0],40.1 [31.3-49.0],55.6 [47.3-63.7],47.4 [41.8-53.2],39.5 [31.1-48.1],55.0 [46.9-62.7],46.9 [41.4-52.5],39.0 [30.9-47.2],54.4 [46.4-61.8],46.3 [41.0-51.7],38.4 [30.7-46.4],53.8 [46.0-61.0]
Argentina,62.7 [58.1-67.2],66.2 [59.7-72.8],59.3 [52.6-65.7],62.3 [57.8-66.6],65.7 [59.3-71.9],58.9 [52.5-65.0],61.8 [57.5-65.9],65.0 [59.0-71.0],58.5 [52.5-64.4],61.2 [57.2-65.2],64.4 [58.6-70.2],58.1 [52.3-63.7]
Armenia,54.4 [49.4-59.2],54.2 [46.4-61.2],54.4 [47.4-61.0],53.9 [49.0-58.5],53.7 [46.1-60.4],53.9 [47.2-60.3],53.4 [48.7-57.9],53.1 [45.7-59.6],53.4 [47.0-59.6],52.8 [48.3-57.3],52.5 [45.3-59.0],52.9 [46.8-59.0]
Australia,64.5 [60.9-68.0],70.9 [66.0-75.5],58.1 [52.6-63.4],64.0 [60.6-67.4],70.5 [65.9-74.8],57.6 [52.5-62.6],63.6 [60.3-66.8],70.0 [65.6-74.2],57.2 [52.4-61.9],63.1 [60.0-66.2],69.5 [65.3-73.6],56.7 [52.2-61.2]
Austria,54.3 [49.6-58.6],61.8 [55.1-68.0],46.8 [40.5-53.0],53.9 [49.5-58.0],61.4 [55.0-67.3],46.4 [40.5-52.4],53.4 [49.2-57.4],60.9 [54.8-66.6],46.1 [40.4-51.7],53.0 [49.1-56.8],60.5 [54.7-66.0],45.7 [40.3-51.1]
Azerbaijan,53.6 [48.1-58.8],52.9 [45.0-60.5],54.1 [46.8-61.1],52.9 [47.7-57.9],52.2 [44.7-59.6],53.4 [46.5-60.3],52.2 [47.1-57.1],51.5 [44.2-58.7],52.8 [46.1-59.4],51.6 [46.7-56.3],50.7 [43.7-57.7],52.2 [45.8-58.6]
Bahamas,64.4 [59.1-69.4],60.3 [52.4-67.9],68.1 [61.0-74.8],63.9 [58.8-68.8],59.6 [51.9-67.0],67.7 [60.8-74.2],63.3 [58.5-68.1],59.0 [51.5-66.1],67.3 [60.7-73.7],62.8 [58.1-67.5],58.3 [50.9-65.3],66.9 [60.5-73.1]
Bahrain,65.8 [61.0-70.4],64.0 [57.1-70.5],68.5 [62.3-74.2],65.2 [60.6-69.7],63.4 [56.8-69.5],68.1 [62.2-73.6],64.7 [60.3-68.9],62.7 [56.4-68.6],67.7 [62.1-73.0],64.1 [59.9-68.2],62.1 [56.0-67.7],67.3 [62.0-72.4]
Bangladesh,20.0 [16.5-23.9],18.0 [12.9-23.5],22.2 [17.5-27.4],19.4 [16.1-23.0],17.4 [12.6-22.6],21.5 [17.1-26.4],18.8 [15.6-22.1],16.8 [12.3-21.7],20.9 [16.8-25.5],18.2 [15.2-21.3],16.2 [12.0-20.9],20.3 [16.4-24.6]
Barbados,52.4 [46.9-58.0],44.7 [36.6-53.0],59.9 [52.6-67.0],51.8 [46.5-57.1],44.0 [36.3-51.9],59.2 [52.3-66.1],51.1 [46.1-56.2],43.4 [36.0-50.9],58.6 [51.9-65.2],50.5 [45.7-55.4],42.7 [35.7-49.9],58.0 [51.6-64.3]
Belarus,59.4 [54.3-64.4],62.6 [55.6-69.2],56.3 [48.8-63.6],59.0 [54.0-63.8],62.0 [55.2-68.4],56.1 [48.8-63.0],58.6 [53.8-63.2],61.3 [54.8-67.5],55.9 [48.9-62.5],58.1 [53.5-62.6],60.7 [54.3-66.8],55.6 [48.9-62.1]
Belgium,59.5 [55.5-63.3],67.6 [62.2-72.7],51.4 [45.6-57.0],59.2 [55.4-62.8],67.2 [62.2-72.2],51.2 [45.7-56.5],58.9 [55.4-62.3],66.9 [62.1-71.5],51.0 [45.7-56.0],58.6 [55.3-61.9],66.5 [62.0-70.9],50.8 [45.8-55.6]
Belize,54.8 [49.4-60.2],48.1 [39.9-56.0],61.2 [53.9-68.3],54.2 [49.0-59.4],47.4 [39.7-55.1],60.7 [53.7-67.5],53.6 [48.6-58.6],46.8 [39.3-54.1],60.1 [53.3-66.8],53.0 [48.2-57.8],46.1 [38.9-53.3],59.6 [53.0-66.0]
Benin,29.5 [25.3-33.9],21.2 [15.5-27.7],37.3 [31.4-43.4],28.9 [25.0-33.1],20.7 [15.3-26.7],36.6 [31.0-42.3],28.4 [24.6-32.3],20.2 [15.1-25.9],35.8 [30.6-41.3],27.8 [24.2-31.6],19.7 [14.8-25.1],35.1 [30.1-40.3]
Bhutan,27.1 [22.6-32.1],25.2 [18.6-32.4],29.6 [23.6-36.0],26.4 [22.0-31.2],24.4 [18.1-31.4],28.8 [23.1-35.1],25.6 [21.5-30.2],23.7 [17.7-30.4],28.1 [22.6-34.1],24.9 [20.9-29.3],22.9 [17.2-29.4],27.4 [22.1-33.2]
Bolivia (Plurinational State of),56.1 [50.7-61.5],52.2 [43.7-60.8],59.8 [52.7-66.6],55.5 [50.3-60.7],51.5 [43.3-59.8],59.3 [52.5-65.8],54.9 [49.9-59.9],50.8 [42.8-58.8],58.7 [52.2-65.1],54.3 [49.4-59.1],50.1 [42.4-57.9],58.2 [51.9-64.3]
Bosnia and Herzegovina,53.3 [48.4-58.1],59.7 [52.6-66.6],47.0 [40.2-53.9],52.8 [48.0-57.3],59.1 [52.3-65.7],46.6 [40.0-53.1],52.2 [47.7-56.6],58.5 [52.0-64.8],46.1 [39.8-52.4],51.7 [47.4-55.9],57.9 [51.7-64.0],45.7 [39.7-51.7]
Botswana,43.4 [38.1-48.4],29.7 [22.6-37.3],56.5 [49.2-63.4],42.9 [37.8-47.7],29.1 [22.2-36.5],56.0 [48.9-62.7],42.4 [37.5-47.0],28.5 [21.9-35.7],55.4 [48.6-62.0],41.9 [37.1-46.4],28.0 [21.6-34.8],54.9 [48.2-61.3]
Brazil,56.5 [52.3-60.7],57.6 [51.5-63.5],55.4 [49.6-61.4],55.9 [51.9-59.8],56.8 [51.1-62.4],54.9 [49.4-60.5],55.3 [51.5-59.0],56.1 [50.6-61.4],54.4 [49.3-59.7],54.6 [51.1-58.2],55.3 [50.2-60.3],53.9 [49.0-58.9]
Brunei Darussalam,41.2 [36.1-46.5],41.0 [33.6-48.7],41.4 [34.8-48.2],40.4 [35.5-45.4],40.0 [32.9-47.3],40.8 [34.5-47.3],39.5 [34.9-44.4],39.0 [32.2-46.1],40.1 [34.0-46.4],38.7 [34.2-43.4],37.9 [31.4-44.8],39.5 [33.6-45.6]
Bulgaria,61.7 [56.9-66.3],68.9 [62.4-75.0],54.4 [47.1-61.6],61.2 [56.6-65.7],68.3 [62.1-74.2],54.1 [47.1-61.0],60.8 [56.3-65.0],67.7 [61.7-73.4],53.8 [47.1-60.4],60.3 [56.0-64.4],67.1 [61.2-72.7],53.5 [47.0-59.8]
Burkina Faso,23.2 [19.3-27.3],16.1 [11.1-21.7],29.2 [23.5-35.1],22.6 [19.0-26.4],15.6 [10.9-20.8],28.4 [23.1-33.9],21.9 [18.5-25.5],15.1 [10.7-19.9],27.6 [22.6-32.8],21.3 [18.1-24.6],14.6 [10.5-19.2],26.9 [22.1-31.7]
Burundi,22.2 [18.1-26.7],13.9 [9.1-19.7],30.1 [23.8-36.7],21.6 [17.8-25.9],13.6 [9.0-19.1],29.3 [23.4-35.5],21.1 [17.4-25.1],13.3 [8.9-18.5],28.6 [23.0-34.6],20.6 [17.1-24.4],13.0 [8.8-17.9],27.9 [22.5-33.6]
CÃ´te d'Ivoire,31.6 [27.1-36.5],24.5 [18.2-31.3],39.5 [33.2-46.0],30.9 [26.6-35.5],23.9 [17.9-30.3],38.8 [32.8-45.0],30.3 [26.2-34.5],23.2 [17.6-29.3],38.1 [32.4-44.0],29.6 [25.7-33.6],22.7 [17.3-28.3],37.3 [32.0-43.0]
Cabo Verde,34.8 [29.8-40.0],27.5 [20.5-35.3],41.4 [34.4-48.3],34.2 [29.4-39.1],26.8 [20.3-34.1],40.8 [34.1-47.3],33.5 [29.0-38.3],26.1 [19.9-33.1],40.1 [33.7-46.4],32.9 [28.6-37.5],25.5 [19.5-32.0],39.4 [33.4-45.4]
Cambodia,21.7 [17.9-25.8],18.6 [13.2-25.1],24.2 [19.1-29.7],21.1 [17.5-24.9],18.0 [12.9-24.1],23.6 [18.8-28.7],20.5 [17.1-24.2],17.4 [12.5-23.2],22.9 [18.4-27.8],19.9 [16.7-23.4],16.9 [12.2-22.3],22.3 [18.0-26.9]
Cameroon,33.6 [29.2-38.2],25.2 [19.2-32.0],41.7 [35.6-47.9],33.0 [28.8-37.3],24.6 [18.9-31.0],41.0 [35.2-46.9],32.3 [28.4-36.4],24.0 [18.7-30.1],40.2 [34.7-45.8],31.7 [28.0-35.5],23.4 [18.3-29.2],39.5 [34.3-44.9]
Canada,64.1 [60.5-67.6],69.8 [64.8-74.4],58.5 [53.4-63.6],63.7 [60.3-66.9],69.3 [64.6-73.7],58.0 [53.2-62.8],63.2 [60.0-66.3],68.9 [64.5-73.0],57.5 [52.9-61.9],62.7 [59.7-65.7],68.4 [64.2-72.4],57.0 [52.5-61.2]
Central African Republic,26.2 [21.1-31.6],18.3 [11.9-25.8],33.2 [25.9-41.4],25.6 [20.7-30.8],17.9 [11.8-25.1],32.6 [25.5-40.4],25.1 [20.3-30.0],17.5 [11.6-24.4],31.9 [25.2-39.5],24.6 [20.0-29.4],17.0 [11.4-23.7],31.3 [24.8-38.6]
Chad,23.1 [19.2-27.3],16.0 [10.8-22.1],29.8 [24.0-36.0],22.6 [18.9-26.6],15.6 [10.8-21.4],29.1 [23.6-35.0],22.1 [18.5-25.9],15.3 [10.7-20.8],28.5 [23.3-34.2],21.6 [18.2-25.2],14.9 [10.5-20.1],27.8 [22.9-33.3]
Chile,63.1 [58.4-67.5],64.7 [58.2-70.9],61.4 [54.9-67.7],62.6 [58.1-66.8],64.1 [57.9-70.1],61.0 [54.8-67.0],62.0 [57.8-66.1],63.5 [57.6-69.2],60.6 [54.8-66.4],61.5 [57.5-65.5],62.8 [57.2-68.3],60.2 [54.6-65.7]
China,32.3 [28.7-36.2],34.5 [29.0-40.2],30.1 [25.3-35.1],31.6 [28.2-35.1],33.5 [28.5-38.8],29.5 [25.1-34.2],30.8 [27.7-34.1],32.5 [27.9-37.4],29.0 [24.9-33.3],30.0 [27.1-33.0],31.6 [27.3-36.0],28.4 [24.6-32.4]
Colombia,59.0 [54.9-63.3],56.6 [50.0-63.0],61.2 [55.3-66.6],58.5 [54.5-62.5],55.9 [49.7-62.0],60.8 [55.2-65.9],57.9 [54.1-61.8],55.2 [49.4-61.0],60.3 [55.0-65.2],57.4 [53.7-61.0],54.6 [48.9-60.1],59.8 [54.8-64.6]
Comoros,27.1 [22.7-31.6],18.2 [12.6-24.6],35.7 [29.4-42.3],26.6 [22.4-30.9],17.9 [12.6-23.9],35.0 [29.0-41.2],26.1 [22.1-30.2],17.6 [12.5-23.3],34.2 [28.5-40.3],25.6 [21.8-29.5],17.3 [12.4-22.7],33.6 [28.2-39.3]
Congo,30.9 [25.5-36.3],24.2 [16.4-32.6],37.4 [29.8-45.2],30.3 [25.2-35.5],23.6 [16.2-31.5],36.8 [29.6-44.2],29.7 [24.8-34.7],23.0 [16.0-30.6],36.2 [29.3-43.3],29.1 [24.4-33.9],22.4 [15.7-29.7],35.6 [29.0-42.4]
Cook Islands,84.7 [81.4-87.7],83.7 [78.8-88.1],85.8 [81.4-89.7],84.4 [81.1-87.4],83.3 [78.6-87.7],85.5 [81.1-89.4],84.1 [80.9-87.0],82.9 [78.3-87.3],85.3 [80.9-89.1],83.8 [80.6-86.7],82.5 [78.0-86.8],85.0 [80.7-88.8]
Costa Rica,61.6 [57.0-65.9],59.9 [53.1-66.4],63.3 [57.0-69.1],60.8 [56.5-65.0],59.0 [52.4-65.3],62.6 [56.7-68.2],60.0 [55.9-64.1],58.1 [51.7-64.2],62.0 [56.3-67.4],59.2 [55.3-63.1],57.2 [51.2-63.0],61.3 [55.9-66.6]
Croatia,59.6 [55.1-64.1],66.2 [60.2-72.1],53.0 [46.3-59.6],59.1 [54.8-63.4],65.6 [59.9-71.2],52.6 [46.3-58.8],58.6 [54.4-62.7],65.0 [59.4-70.4],52.1 [46.2-58.1],58.0 [54.1-62.0],64.3 [58.9-69.5],51.7 [46.1-57.5]
Cuba,58.5 [53.5-63.3],54.5 [47.0-61.8],62.5 [55.7-69.2],57.9 [53.1-62.5],53.8 [46.6-60.8],62.0 [55.5-68.4],57.3 [52.7-61.8],53.1 [46.1-59.8],61.6 [55.3-67.8],56.8 [52.3-61.1],52.3 [45.7-58.8],61.2 [55.1-67.1]
Cyprus,59.1 [54.3-63.9],65.2 [58.2-71.6],52.7 [45.5-59.5],58.8 [54.1-63.4],64.8 [58.1-71.1],52.3 [45.5-58.9],58.4 [54.0-62.8],64.4 [58.0-70.4],52.0 [45.4-58.4],58.0 [53.8-62.4],64.0 [57.8-69.8],51.7 [45.3-57.9]
Czechia,62.3 [57.8-66.7],69.5 [63.4-75.3],55.0 [48.0-61.8],62.0 [57.6-66.2],69.0 [63.1-74.5],54.7 [48.2-61.2],61.6 [57.5-65.7],68.6 [62.9-73.9],54.5 [48.3-60.7],61.3 [57.4-65.2],68.1 [62.7-73.1],54.3 [48.4-60.2]
Democratic People's Republic of Korea,32.4 [27.0-37.7],33.9 [25.6-42.2],30.7 [24.1-38.1],31.9 [26.7-37.0],33.3 [25.2-41.2],30.4 [24.0-37.4],31.4 [26.5-36.3],32.6 [24.9-40.3],30.0 [23.9-36.6],31.0 [26.2-35.7],32.0 [24.5-39.5],29.7 [23.8-36.0]
Democratic Republic of the Congo,25.3 [20.4-30.6],18.0 [11.5-25.3],32.0 [25.1-39.5],24.7 [20.0-29.7],17.4 [11.4-24.4],31.3 [24.8-38.5],24.1 [19.7-28.8],17.0 [11.1-23.6],30.7 [24.4-37.5],23.5 [19.3-28.1],16.5 [10.9-22.8],30.0 [23.9-36.7]
Denmark,55.4 [51.3-59.4],63.6 [58.0-68.7],47.3 [41.2-53.4],55.1 [51.2-58.8],63.1 [57.9-68.0],47.0 [41.3-52.8],54.7 [51.1-58.3],62.7 [57.7-67.3],46.7 [41.3-52.2],54.3 [50.9-57.7],62.2 [57.6-66.6],46.5 [41.4-51.7]
Djibouti,38.6 [32.6-44.4],32.3 [23.7-41.3],44.6 [36.7-52.7],38.1 [32.4-43.7],31.9 [23.6-40.4],44.1 [36.5-51.9],37.7 [32.3-43.1],31.4 [23.5-39.7],43.7 [36.3-51.3],37.2 [32.1-42.5],31.0 [23.2-38.9],43.3 [36.1-50.5]
Dominica,60.3 [55.1-65.5],54.7 [46.8-62.2],65.7 [58.6-72.3],59.7 [54.6-64.6],53.9 [46.4-61.2],65.2 [58.4-71.6],59.0 [54.1-63.8],53.1 [45.8-60.2],64.7 [58.1-70.9],58.4 [53.6-63.0],52.3 [45.2-59.3],64.1 [57.8-70.1]
Dominican Republic,61.2 [56.3-65.9],56.9 [49.2-64.2],65.3 [58.6-71.7],60.3 [55.7-64.9],55.8 [48.4-62.9],64.7 [58.3-70.8],59.4 [54.9-63.9],54.8 [47.8-61.5],64.0 [57.9-69.9],58.5 [54.2-62.9],53.7 [46.9-60.1],63.3 [57.3-68.9]
Ecuador,56.0 [50.5-61.4],52.6 [44.5-60.8],59.2 [52.1-66.2],55.4 [50.2-60.6],52.0 [44.2-59.9],58.7 [51.9-65.5],54.8 [49.7-59.9],51.3 [43.8-59.0],58.2 [51.6-64.8],54.3 [49.3-59.1],50.7 [43.3-58.1],57.7 [51.3-64.2]
Egypt,63.5 [59.1-67.6],57.2 [50.8-63.8],69.5 [64.3-74.8],62.8 [58.7-66.8],56.5 [50.4-62.7],68.9 [63.9-74.0],62.2 [58.3-66.0],55.8 [50.0-61.7],68.4 [63.6-73.2],61.5 [57.9-65.1],55.1 [49.6-60.7],67.7 [63.2-72.4]
El Salvador,59.9 [55.1-64.6],57.0 [49.6-64.2],62.3 [55.9-68.3],59.3 [54.6-63.8],56.3 [49.1-63.2],61.7 [55.7-67.6],58.7 [54.3-63.0],55.5 [48.6-62.3],61.2 [55.4-66.8],58.0 [53.7-62.2],54.8 [48.1-61.4],60.6 [55.0-66.0]
Equatorial Guinea,26.7 [21.1-32.4],18.7 [11.8-26.6],35.5 [27.3-43.7],26.1 [20.8-31.7],18.3 [11.6-25.8],34.8 [27.0-42.9],25.6 [20.4-30.9],17.9 [11.5-25.0],34.1 [26.6-42.0],25.1 [20.1-30.3],17.5 [11.3-24.4],33.5 [26.2-41.2]
Eritrea,22.0 [18.0-26.2],14.7 [9.9-20.6],28.3 [22.5-34.5],21.5 [17.6-25.4],14.4 [9.8-20.0],27.6 [22.1-33.5],21.0 [17.3-24.7],14.1 [9.7-19.3],26.9 [21.7-32.5],20.5 [17.0-24.0],13.7 [9.6-18.7],26.2 [21.2-31.5]
Estonia,55.8 [51.3-60.2],59.6 [53.4-65.6],51.9 [45.5-58.1],55.4 [51.2-59.6],59.1 [53.2-64.7],51.7 [45.7-57.6],55.1 [51.2-59.0],58.5 [53.0-63.9],51.6 [45.8-57.1],54.8 [51.1-58.5],58.0 [52.8-63.0],51.4 [46.0-56.7]
Ethiopia,20.9 [17.1-25.0],13.4 [8.7-18.9],28.0 [22.2-34.1],20.4 [16.8-24.2],13.1 [8.7-18.2],27.3 [21.8-33.1],19.9 [16.5-23.5],12.8 [8.6-17.7],26.6 [21.3-32.1],19.4 [16.1-22.8],12.5 [8.5-17.1],25.9 [20.9-31.1]
Fiji,63.8 [58.2-69.2],59.9 [51.4-68.0],67.7 [60.4-74.8],63.2 [57.8-68.4],59.2 [50.8-67.1],67.2 [60.1-74.2],62.6 [57.4-67.7],58.5 [50.4-66.2],66.7 [59.7-73.5],62.0 [56.9-67.0],57.8 [49.9-65.4],66.1 [59.3-72.8]
Finland,57.9 [54.2-61.7],65.6 [60.4-70.6],50.0 [44.5-55.4],57.6 [54.1-61.1],65.2 [60.3-69.9],49.7 [44.5-54.8],57.2 [54.0-60.6],64.8 [60.1-69.3],49.5 [44.6-54.2],56.9 [53.8-60.1],64.4 [60.0-68.6],49.2 [44.6-53.7]
France,59.5 [55.0-63.7],66.9 [60.7-72.8],52.2 [45.5-58.6],59.0 [54.8-63.1],66.4 [60.5-72.0],51.9 [45.5-57.9],58.6 [54.5-62.4],65.9 [60.3-71.3],51.5 [45.4-57.2],58.2 [54.2-61.9],65.4 [59.9-70.6],51.1 [45.4-56.5]
Gabon,40.2 [33.6-46.8],33.7 [24.0-43.8],46.4 [38.0-55.0],39.6 [33.3-46.0],33.1 [23.7-42.8],46.0 [37.8-54.2],39.1 [33.0-45.2],32.4 [23.4-41.9],45.5 [37.6-53.4],38.5 [32.7-44.6],31.8 [23.2-41.0],45.0 [37.2-52.7]
Gambia,31.9 [27.4-36.8],24.5 [18.3-31.7],38.9 [32.5-45.5],31.2 [26.9-35.8],23.8 [18.0-30.6],38.2 [32.1-44.4],30.5 [26.4-34.8],23.2 [17.6-29.6],37.5 [31.7-43.5],29.8 [25.9-33.9],22.6 [17.3-28.7],36.8 [31.3-42.5]
Georgia,54.2 [49.2-59.1],54.6 [47.5-61.8],53.5 [46.6-60.3],53.5 [48.6-58.2],53.9 [47.0-60.8],52.9 [46.3-59.5],52.8 [48.1-57.4],53.1 [46.4-59.8],52.3 [45.8-58.7],52.1 [47.5-56.6],52.4 [45.8-58.9],51.6 [45.3-57.9]
Germany,56.8 [52.8-60.5],64.9 [59.2-70.2],48.5 [43.1-54.1],56.4 [52.6-59.9],64.5 [59.2-69.5],48.1 [43.0-53.5],56.0 [52.5-59.4],64.1 [59.2-68.8],47.8 [43.1-52.9],55.7 [52.4-58.8],63.7 [59.2-68.2],47.5 [43.1-52.2]
Ghana,32.0 [28.0-36.1],22.1 [16.9-28.1],41.0 [35.2-46.8],31.4 [27.6-35.2],21.6 [16.7-27.2],40.3 [34.8-45.8],30.8 [27.2-34.3],21.1 [16.5-26.3],39.6 [34.5-44.8],30.2 [26.8-33.6],20.5 [16.3-25.4],38.9 [34.1-43.8]
Greece,62.3 [57.8-66.8],68.2 [61.9-74.1],56.2 [49.6-62.9],61.9 [57.5-66.1],67.7 [61.8-73.4],55.9 [49.6-62.3],61.5 [57.3-65.6],67.3 [61.6-72.6],55.5 [49.6-61.7],61.0 [57.0-65.0],66.8 [61.3-71.9],55.2 [49.5-61.1]
Grenada,51.4 [45.9-57.1],43.7 [35.4-52.4],58.8 [51.1-66.3],50.7 [45.5-56.2],43.0 [35.0-51.3],58.2 [50.7-65.3],50.0 [44.9-55.4],42.3 [34.7-50.3],57.5 [50.3-64.4],49.4 [44.5-54.5],41.6 [34.2-49.3],56.8 [50.0-63.5]
Guatemala,55.9 [51.0-60.7],51.4 [43.8-58.8],59.9 [53.4-65.8],55.3 [50.6-59.8],50.7 [43.5-57.8],59.2 [53.2-64.9],54.6 [50.1-58.9],49.9 [43.0-56.8],58.6 [52.8-64.1],53.9 [49.6-58.1],49.2 [42.5-55.8],58.0 [52.4-63.3]
Guinea,26.6 [22.5-31.1],18.7 [13.4-25.1],34.2 [28.2-40.4],26.1 [22.1-30.3],18.3 [13.3-24.1],33.5 [27.8-39.5],25.5 [21.8-29.5],17.8 [13.0-23.4],32.8 [27.3-38.4],24.9 [21.4-28.7],17.4 [12.8-22.7],32.1 [26.9-37.4]
Guinea-Bissau,29.9 [25.2-34.8],22.2 [15.9-29.6],37.2 [30.7-44.1],29.3 [24.7-33.9],21.6 [15.6-28.6],36.5 [30.2-43.0],28.6 [24.3-33.0],21.0 [15.2-27.6],35.7 [29.7-41.9],27.9 [23.8-32.1],20.4 [14.9-26.6],35.0 [29.2-40.9]
Guyana,49.4 [43.8-55.3],41.5 [33.3-50.3],56.6 [48.7-64.4],48.7 [43.3-54.3],40.7 [32.9-49.1],55.9 [48.3-63.4],48.0 [42.8-53.4],40.0 [32.4-48.0],55.2 [47.8-62.4],47.3 [42.2-52.5],39.2 [31.9-47.0],54.4 [47.3-61.3]
Haiti,54.9 [49.6-60.0],51.1 [42.8-59.0],58.3 [51.4-64.9],53.9 [48.8-58.8],49.9 [42.0-57.6],57.4 [50.8-63.9],52.8 [47.9-57.6],48.7 [41.1-56.1],56.6 [50.1-62.8],51.8 [47.0-56.4],47.5 [40.0-54.7],55.7 [49.4-61.7]
Honduras,55.8 [50.7-60.5],51.8 [44.0-59.5],59.5 [53.1-65.8],55.0 [50.2-59.6],51.0 [43.6-58.4],58.9 [52.8-64.8],54.3 [49.7-58.8],50.2 [42.9-57.3],58.2 [52.4-63.9],53.5 [49.1-57.8],49.4 [42.3-56.3],57.5 [52.0-63.1]
Hungary,61.6 [57.0-66.2],69.6 [63.3-75.3],53.8 [46.9-60.7],61.1 [56.6-65.4],68.9 [63.0-74.5],53.5 [46.9-59.9],60.6 [56.3-64.7],68.3 [62.6-73.6],53.1 [46.8-59.3],60.0 [56.0-64.0],67.6 [62.1-72.8],52.7 [46.6-58.6]
Iceland,59.1 [55.0-63.1],67.5 [61.9-72.9],50.5 [44.3-56.5],58.8 [54.9-62.6],67.1 [61.7-72.2],50.2 [44.4-56.0],58.4 [54.8-62.1],66.6 [61.5-71.5],50.0 [44.5-55.5],58.1 [54.6-61.6],66.2 [61.3-70.9],49.8 [44.6-55.0]
India,19.7 [16.9-22.8],17.8 [13.9-22.4],21.6 [17.6-25.8],19.1 [16.5-22.0],17.2 [13.6-21.4],21.0 [17.4-25.0],18.6 [16.2-21.2],16.7 [13.4-20.5],20.5 [17.1-24.1],18.0 [15.8-20.4],16.2 [13.1-19.7],19.9 [16.8-23.3]
Indonesia,28.2 [24.2-32.3],25.0 [19.5-30.8],31.2 [25.8-37.0],27.4 [23.7-31.1],24.1 [19.0-29.5],30.5 [25.4-35.9],26.5 [23.1-30.1],23.2 [18.4-28.3],29.7 [24.9-34.8],25.7 [22.5-29.1],22.3 [17.9-27.1],29.0 [24.5-33.8]
Iran (Islamic Republic of),61.6 [58.0-65.2],57.7 [52.4-63.2],65.4 [60.6-70.2],60.9 [57.6-64.3],56.9 [52.0-62.0],64.9 [60.3-69.4],60.2 [57.1-63.3],56.0 [51.5-60.7],64.3 [60.1-68.5],59.5 [56.6-62.4],55.2 [50.9-59.6],63.8 [59.8-67.7]
Iraq,64.6 [60.4-68.8],61.0 [54.7-67.4],68.0 [62.2-73.4],64.1 [60.0-68.1],60.3 [54.3-66.5],67.5 [62.0-72.7],63.5 [59.6-67.3],59.7 [53.9-65.5],67.1 [61.8-72.1],62.9 [59.1-66.6],59.0 [53.5-64.6],66.6 [61.5-71.4]
Ireland,60.6 [56.3-64.7],66.1 [59.9-71.9],55.2 [49.1-61.3],60.0 [55.9-64.0],65.6 [59.7-71.2],54.6 [48.8-60.5],59.5 [55.5-63.3],65.1 [59.6-70.5],54.0 [48.5-59.6],58.9 [55.1-62.5],64.6 [59.2-69.8],53.3 [48.2-58.7]
Israel,64.3 [59.7-68.6],70.9 [64.7-76.5],57.8 [51.1-64.1],64.0 [59.6-68.1],70.4 [64.7-75.8],57.6 [51.2-63.6],63.6 [59.5-67.5],70.0 [64.4-75.2],57.4 [51.3-63.2],63.3 [59.4-67.1],69.6 [64.2-74.5],57.2 [51.3-62.8]
Italy,58.5 [54.3-62.5],65.3 [59.7-70.7],51.5 [45.6-57.6],58.0 [54.2-61.9],64.9 [59.6-70.0],51.2 [45.6-56.9],57.6 [54.0-61.2],64.5 [59.5-69.4],50.8 [45.5-56.2],57.2 [53.8-60.6],64.1 [59.3-68.7],50.4 [45.5-55.5]
Jamaica,55.5 [50.6-60.5],47.4 [39.7-54.8],63.2 [56.4-69.6],54.8 [50.1-59.6],46.5 [39.1-53.5],62.6 [56.1-68.7],54.1 [49.5-58.6],45.7 [38.6-52.4],62.0 [55.8-67.9],53.4 [49.0-57.7],44.8 [38.1-51.3],61.4 [55.4-67.1]
Japan,27.2 [24.1-30.4],32.5 [27.6-37.6],21.8 [17.9-25.8],26.8 [23.9-29.8],31.9 [27.5-36.6],21.6 [18.0-25.4],26.4 [23.7-29.2],31.3 [27.2-35.7],21.5 [18.0-25.0],26.1 [23.5-28.6],30.8 [26.9-34.8],21.3 [18.1-24.5]
Jordan,69.6 [66.0-73.2],67.0 [61.3-72.6],72.2 [67.4-76.8],69.0 [65.6-72.5],66.3 [60.9-71.7],71.8 [67.3-76.2],68.5 [65.2-71.8],65.7 [60.6-70.8],71.4 [67.1-75.5],68.0 [64.9-71.1],65.0 [60.1-69.9],71.0 [66.9-74.9]
Kazakhstan,53.6 [48.8-58.3],54.3 [47.0-61.4],52.6 [46.1-59.1],53.0 [48.4-57.5],53.6 [46.6-60.5],52.1 [45.9-58.3],52.4 [47.9-56.8],53.0 [46.1-59.7],51.5 [45.5-57.5],51.8 [47.5-56.1],52.3 [45.7-58.9],51.0 [45.1-56.7]
Kenya,25.5 [21.5-29.6],16.1 [11.0-22.0],34.3 [28.5-40.3],24.9 [21.1-28.9],15.7 [10.9-21.2],33.5 [28.0-39.3],24.3 [20.7-28.1],15.4 [10.7-20.6],32.7 [27.5-38.2],23.7 [20.3-27.3],15.0 [10.6-20.0],31.9 [27.0-37.2]
Kiribati,78.7 [74.6-82.6],76.6 [70.3-82.4],80.9 [75.5-85.8],78.3 [74.3-82.1],76.1 [70.0-81.7],80.6 [75.3-85.3],77.9 [73.9-81.6],75.6 [69.6-81.2],80.2 [75.0-84.9],77.5 [73.6-81.1],75.2 [69.3-80.7],79.8 [74.8-84.4]
Kuwait,73.4 [69.7-77.0],72.4 [67.1-77.5],75.1 [70.2-79.7],73.0 [69.4-76.5],71.9 [66.9-76.8],74.9 [70.2-79.3],72.6 [69.2-75.9],71.3 [66.5-76.0],74.6 [70.2-78.8],72.1 [68.9-75.3],70.8 [66.2-75.2],74.3 [70.2-78.3]
Kyrgyzstan,48.3 [42.7-53.7],47.4 [39.0-55.6],48.8 [41.7-56.0],47.6 [42.3-52.8],46.7 [38.6-54.7],48.1 [41.4-55.1],46.9 [41.8-51.9],46.0 [38.2-53.8],47.4 [41.0-54.2],46.2 [41.3-51.0],45.3 [37.9-52.8],46.7 [40.5-53.3]
Lao People's Democratic Republic,25.4 [21.3-29.7],22.5 [16.7-28.9],27.9 [22.4-34.0],24.6 [20.7-28.6],21.6 [16.2-27.6],27.2 [21.9-32.9],23.7 [20.1-27.6],20.7 [15.6-26.4],26.4 [21.4-31.8],22.9 [19.5-26.6],19.8 [14.9-25.2],25.6 [20.9-30.8]
Latvia,57.8 [52.6-63.1],60.9 [53.4-68.0],54.9 [47.1-62.4],57.5 [52.5-62.6],60.3 [53.1-67.2],54.7 [47.3-61.8],57.2 [52.3-62.1],59.8 [52.8-66.4],54.5 [47.5-61.4],56.8 [52.2-61.5],59.2 [52.5-65.6],54.4 [47.5-61.0]
Lebanon,67.9 [63.5-71.9],66.9 [60.6-72.8],69.1 [63.3-74.6],67.4 [63.2-71.3],66.3 [60.3-72.0],68.7 [63.2-74.1],66.9 [62.9-70.6],65.7 [60.0-71.2],68.3 [63.1-73.5],66.4 [62.6-70.0],65.1 [59.6-70.4],68.0 [62.9-72.9]
Lesotho,38.7 [34.2-43.5],21.1 [15.2-27.7],53.7 [46.8-60.5],38.1 [33.8-42.6],20.6 [14.9-26.7],52.9 [46.3-59.5],37.5 [33.3-41.9],20.0 [14.7-25.9],52.1 [45.8-58.5],36.9 [32.9-41.2],19.5 [14.4-25.2],51.3 [45.2-57.6]
Liberia,30.9 [26.8-35.5],23.2 [17.2-29.7],38.3 [32.1-44.6],30.4 [26.4-34.7],22.7 [17.0-28.9],37.6 [31.8-43.6],29.8 [26.0-33.9],22.2 [16.9-28.0],37.0 [31.4-42.6],29.2 [25.6-33.2],21.7 [16.6-27.3],36.3 [31.0-41.8]
Libya,66.8 [62.4-71.0],63.4 [56.7-69.8],70.0 [64.1-75.4],66.2 [62.0-70.2],62.7 [56.4-68.9],69.6 [64.0-74.8],65.7 [61.6-69.5],62.1 [56.0-68.1],69.1 [63.8-74.3],65.1 [61.2-68.8],61.4 [55.6-67.1],68.7 [63.5-73.6]
Lithuania,59.6 [54.6-64.3],62.6 [55.8-69.2],56.5 [49.4-63.5],59.2 [54.5-63.8],62.1 [55.5-68.4],56.4 [49.6-63.0],58.9 [54.4-63.3],61.6 [55.2-67.6],56.2 [49.8-62.6],58.6 [54.3-62.8],61.0 [55.0-66.9],56.1 [50.0-62.1]
Luxembourg,58.7 [54.2-63.1],66.8 [60.5-72.6],50.6 [44.1-57.1],58.3 [54.0-62.6],66.3 [60.3-71.9],50.3 [44.1-56.5],57.9 [53.8-62.0],65.8 [60.1-71.2],50.0 [44.0-56.0],57.5 [53.4-61.4],65.3 [59.8-70.6],49.6 [44.0-55.4]
Madagascar,23.9 [19.7-28.2],17.7 [12.3-24.2],29.6 [23.8-35.9],23.3 [19.4-27.4],17.2 [12.1-23.3],28.9 [23.3-34.9],22.7 [19.1-26.6],16.8 [11.9-22.6],28.2 [22.9-33.9],22.1 [18.7-25.8],16.3 [11.7-21.9],27.5 [22.4-32.9]
Malawi,23.4 [19.6-27.6],14.8 [9.8-20.7],31.5 [25.8-37.5],22.9 [19.3-26.9],14.5 [9.8-20.0],30.8 [25.3-36.4],22.4 [18.9-26.1],14.2 [9.7-19.4],30.1 [24.9-35.5],21.9 [18.6-25.5],13.9 [9.7-18.8],29.4 [24.4-34.6]
Malaysia,42.5 [38.1-47.0],42.0 [35.6-48.6],43.0 [36.9-49.3],41.6 [37.4-45.8],40.9 [34.8-47.2],42.3 [36.6-48.1],40.6 [36.7-44.6],39.7 [34.0-45.7],41.5 [36.3-47.0],39.7 [36.0-43.4],38.6 [33.1-44.3],40.7 [35.8-46.0]
Maldives,30.6 [26.2-35.4],26.9 [20.7-33.9],34.2 [28.2-40.7],29.6 [25.5-34.1],25.9 [19.9-32.5],33.4 [27.7-39.6],28.6 [24.7-33.0],24.8 [19.1-31.1],32.5 [27.1-38.4],27.7 [24.0-31.8],23.8 [18.4-29.9],31.6 [26.5-37.2]
Mali,28.1 [23.9-32.5],20.3 [14.6-26.9],35.1 [29.1-41.4],27.4 [23.5-31.5],19.7 [14.3-26.0],34.4 [28.7-40.2],26.7 [23.0-30.6],19.2 [14.1-25.1],33.6 [28.2-39.1],26.0 [22.5-29.8],18.6 [13.8-24.2],32.8 [27.7-38.0]
Malta,66.4 [61.5-70.8],73.0 [67.0-78.5],59.6 [52.2-66.5],66.1 [61.4-70.3],72.6 [66.9-77.9],59.4 [52.3-66.0],65.7 [61.3-69.7],72.2 [66.6-77.4],59.1 [52.4-65.5],65.4 [61.1-69.3],71.7 [66.3-76.9],58.9 [52.4-65.0]
Marshall Islands,83.5 [80.0-86.7],82.1 [76.7-86.8],84.9 [80.2-89.0],83.1 [79.7-86.3],81.7 [76.4-86.3],84.6 [80.0-88.7],82.8 [79.4-85.9],81.3 [76.1-85.8],84.4 [79.8-88.4],82.5 [79.1-85.5],80.8 [75.8-85.4],84.1 [79.6-88.0]
Mauritania,34.4 [29.6-39.5],26.0 [19.2-33.4],42.3 [35.7-49.3],33.7 [29.2-38.6],25.3 [18.9-32.4],41.7 [35.3-48.2],33.1 [28.8-37.7],24.7 [18.6-31.5],41.0 [35.0-47.2],32.4 [28.3-36.8],24.1 [18.2-30.6],40.3 [34.5-46.3]
Mauritius,32.3 [27.7-37.2],24.3 [17.7-31.3],39.8 [33.5-46.5],31.9 [27.5-36.5],24.0 [17.7-30.7],39.2 [33.2-45.6],31.4 [27.2-35.8],23.7 [17.7-30.1],38.7 [32.9-44.7],31.0 [27.0-35.2],23.4 [17.7-29.6],38.1 [32.6-43.9]
Mexico,64.9 [61.1-68.6],63.6 [58.0-69.2],66.0 [60.8-71.2],64.4 [60.8-67.9],63.0 [57.7-68.2],65.5 [60.7-70.4],63.9 [60.5-67.2],62.4 [57.4-67.4],65.1 [60.5-69.6],63.3 [60.1-66.5],61.8 [57.1-66.6],64.6 [60.3-69.0]
Micronesia (Federated States of),75.9 [71.5-80.0],72.1 [65.1-78.3],79.8 [74.3-84.5],75.4 [71.1-79.4],71.5 [64.8-77.6],79.3 [73.9-83.9],74.9 [70.7-78.7],70.9 [64.4-76.9],78.9 [73.6-83.4],74.4 [70.3-78.1],70.3 [64.0-76.2],78.4 [73.2-82.8]
Monaco,No data,No data,No data,No data,No data,No data,No data,No data,No data,No data,No data,No data
Mongolia,55.6 [50.6-60.3],55.5 [48.1-62.4],55.5 [48.7-62.3],54.8 [50.0-59.4],54.6 [47.5-61.3],54.8 [48.3-61.3],54.0 [49.4-58.4],53.6 [46.9-60.1],54.1 [47.9-60.4],53.2 [48.7-57.5],52.7 [46.2-59.0],53.4 [47.4-59.4]
Montenegro,59.4 [54.3-64.3],66.3 [59.3-72.8],52.5 [45.2-59.7],58.9 [54.0-63.6],65.8 [59.0-71.9],52.2 [45.2-59.0],58.5 [53.8-63.0],65.2 [58.6-71.2],51.8 [45.1-58.5],58.0 [53.4-62.4],64.6 [58.2-70.4],51.5 [45.1-57.9]
Morocco,60.4 [55.6-65.0],56.4 [49.2-63.5],64.0 [57.7-69.9],59.7 [55.1-64.1],55.6 [48.6-62.4],63.4 [57.4-69.1],58.9 [54.5-63.2],54.7 [48.0-61.3],62.7 [57.0-68.3],58.2 [54.0-62.3],53.9 [47.4-60.2],62.1 [56.6-67.4]
Mozambique,26.4 [22.4-30.7],18.0 [12.7-24.1],33.6 [27.9-39.8],25.9 [22.1-29.9],17.6 [12.6-23.3],32.9 [27.5-38.8],25.4 [21.8-29.1],17.2 [12.4-22.6],32.3 [27.1-37.9],24.9 [21.4-28.5],16.9 [12.3-22.0],31.6 [26.6-36.8]
Myanmar,24.8 [20.9-28.8],21.2 [15.9-27.2],27.8 [22.6-33.4],24.0 [20.4-27.7],20.5 [15.5-26.2],27.1 [22.1-32.3],23.3 [19.9-26.8],19.7 [15.0-25.1],26.4 [21.7-31.3],22.6 [19.4-26.0],19.0 [14.5-24.1],25.7 [21.3-30.4]
Namibia,40.6 [35.7-45.7],27.2 [20.2-34.6],51.9 [45.0-58.8],39.8 [35.2-44.6],26.4 [19.8-33.4],51.1 [44.5-57.7],39.0 [34.5-43.6],25.5 [19.2-32.3],50.3 [43.9-56.7],38.2 [33.9-42.6],24.7 [18.7-31.1],49.4 [43.2-55.7]
Nauru,88.5 [85.6-91.0],88.3 [84.0-91.9],88.7 [84.6-92.1],88.3 [85.5-90.8],88.1 [83.9-91.7],88.6 [84.6-91.9],88.1 [85.4-90.6],87.8 [83.7-91.4],88.5 [84.6-91.8],88.0 [85.3-90.3],87.6 [83.6-91.1],88.3 [84.5-91.6]
Nepal,21.0 [17.5-24.9],19.1 [14.1-24.9],22.8 [18.0-28.0],20.4 [17.0-24.0],18.6 [13.9-24.0],22.2 [17.6-27.0],19.8 [16.7-23.3],18.1 [13.6-23.2],21.5 [17.3-26.1],19.2 [16.3-22.5],17.5 [13.3-22.3],20.9 [16.9-25.2]
Netherlands,57.8 [53.7-61.6],65.4 [59.7-70.8],50.2 [44.3-55.9],57.4 [53.6-61.0],64.9 [59.4-70.0],49.8 [44.3-55.3],56.9 [53.3-60.4],64.3 [59.2-69.2],49.5 [44.3-54.6],56.5 [53.0-59.8],63.7 [58.9-68.4],49.1 [44.2-54.0]
New Zealand,65.6 [62.4-68.8],70.6 [66.2-74.9],60.8 [56.1-65.6],65.1 [62.0-68.2],70.2 [65.9-74.3],60.3 [55.8-64.8],64.6 [61.7-67.5],69.7 [65.7-73.7],59.8 [55.5-64.1],64.2 [61.4-66.9],69.3 [65.4-73.0],59.3 [55.2-63.4]
Nicaragua,58.2 [53.3-62.8],54.7 [47.1-62.2],61.4 [55.0-67.2],57.6 [52.9-62.1],54.0 [46.8-61.2],60.8 [54.9-66.4],56.9 [52.5-61.3],53.3 [46.3-60.3],60.3 [54.6-65.6],56.3 [52.0-60.6],52.6 [45.8-59.4],59.7 [54.2-64.9]
Niger,22.0 [18.1-26.4],14.6 [9.8-20.6],29.7 [23.9-35.9],21.5 [17.8-25.6],14.2 [9.7-19.9],28.9 [23.5-34.8],21.0 [17.5-24.8],13.9 [9.6-19.1],28.2 [23.0-33.8],20.5 [17.2-24.2],13.6 [9.5-18.5],27.6 [22.6-32.8]
Nigeria,28.9 [25.2-32.9],21.7 [16.5-27.2],36.1 [30.7-41.8],28.3 [24.7-32.0],21.1 [16.3-26.3],35.3 [30.3-40.6],27.6 [24.3-31.0],20.5 [16.0-25.2],34.6 [29.8-39.5],26.9 [23.8-30.2],20.0 [15.7-24.5],33.8 [29.4-38.4]
Niue,80.0 [76.0-83.7],77.6 [71.3-83.2],82.5 [77.4-86.9],79.5 [75.5-83.1],77.0 [70.8-82.5],82.0 [77.1-86.4],78.9 [75.0-82.5],76.4 [70.4-81.8],81.6 [76.7-85.9],78.4 [74.5-81.9],75.7 [69.9-81.1],81.1 [76.2-85.4]
Norway,58.3 [54.2-62.2],65.0 [59.2-70.5],51.4 [45.5-57.1],57.9 [54.0-61.6],64.5 [59.1-69.7],51.0 [45.5-56.4],57.4 [53.8-61.0],64.0 [59.0-68.9],50.6 [45.4-55.7],57.0 [53.5-60.4],63.6 [58.7-68.2],50.2 [45.3-55.1]
Oman,62.6 [57.9-67.2],60.6 [54.2-67.1],65.7 [59.5-71.4],61.9 [57.4-66.3],59.7 [53.6-66.0],65.1 [59.2-70.6],61.1 [56.9-65.4],58.9 [52.9-64.9],64.5 [58.9-69.8],60.4 [56.4-64.5],58.0 [52.3-63.8],64.0 [58.6-69.0]
Pakistan,28.4 [24.1-33.2],25.7 [19.4-32.7],31.3 [25.4-37.7],27.7 [23.6-32.2],25.0 [19.1-31.6],30.5 [25.0-36.7],27.0 [23.1-31.3],24.3 [18.7-30.6],29.8 [24.5-35.7],26.3 [22.6-30.4],23.6 [18.3-29.6],29.1 [24.1-34.7]
Palau,85.1 [81.7-88.1],84.3 [79.3-88.8],85.9 [81.1-89.9],84.8 [81.4-87.8],83.9 [79.1-88.3],85.6 [81.0-89.6],84.4 [81.2-87.4],83.5 [78.7-87.8],85.4 [80.9-89.2],84.1 [80.9-87.0],83.1 [78.4-87.4],85.1 [80.6-88.9]
Panama,58.8 [53.9-63.4],56.2 [48.6-63.2],61.3 [54.8-67.5],58.2 [53.6-62.7],55.5 [48.3-62.2],60.8 [54.6-66.8],57.6 [53.2-61.9],54.9 [48.0-61.3],60.3 [54.4-66.1],57.0 [52.8-61.1],54.2 [47.6-60.4],59.8 [54.1-65.3]
Papua New Guinea,52.9 [46.4-59.3],47.4 [37.7-57.0],58.1 [49.3-66.5],52.2 [46.0-58.4],46.7 [37.3-56.1],57.4 [48.8-65.7],51.5 [45.4-57.5],46.0 [36.9-55.1],56.7 [48.2-64.8],50.8 [44.9-56.6],45.4 [36.5-54.2],55.9 [47.8-63.9]
Paraguay,53.5 [47.6-59.1],53.7 [45.5-61.8],53.3 [45.5-60.8],52.8 [47.2-58.2],53.0 [45.1-60.7],52.7 [45.3-59.9],52.2 [46.7-57.4],52.2 [44.6-59.8],52.1 [44.9-59.1],51.5 [46.3-56.6],51.5 [44.1-58.9],51.5 [44.5-58.3]
Peru,57.5 [53.1-61.6],54.8 [48.3-61.0],60.1 [54.2-65.9],56.9 [52.8-60.9],54.1 [48.0-60.1],59.6 [54.0-65.1],56.4 [52.5-60.2],53.5 [47.6-59.3],59.2 [53.9-64.3],55.8 [52.1-59.5],52.8 [47.2-58.4],58.7 [53.6-63.7]
Philippines,27.6 [23.6-32.0],26.1 [20.2-32.7],28.9 [23.5-34.8],27.0 [23.2-31.2],25.4 [19.8-31.5],28.3 [23.3-33.9],26.4 [22.9-30.3],24.8 [19.5-30.6],27.8 [23.1-32.9],25.9 [22.5-29.5],24.2 [19.1-29.7],27.3 [22.9-32.1]
Poland,58.3 [54.3-62.2],65.6 [60.1-70.7],51.1 [45.5-56.8],57.8 [54.1-61.5],65.0 [59.8-69.9],50.8 [45.5-56.2],57.4 [53.9-60.9],64.4 [59.5-69.1],50.4 [45.4-55.6],57.0 [53.6-60.2],63.8 [59.1-68.2],50.1 [45.4-55.0]
Portugal,57.5 [53.1-62.0],63.1 [56.7-69.2],52.0 [45.5-58.4],57.0 [52.7-61.2],62.5 [56.4-68.2],51.6 [45.4-57.6],56.5 [52.4-60.4],61.9 [56.3-67.3],51.1 [45.2-56.9],55.9 [52.1-59.7],61.3 [55.9-66.4],50.6 [45.0-56.1]
Qatar,71.7 [67.0-76.1],71.0 [65.0-76.6],73.3 [67.8-78.5],71.1 [66.7-75.4],70.4 [64.7-75.9],73.0 [67.7-77.9],70.6 [66.3-74.8],69.8 [64.3-75.1],72.7 [67.6-77.4],70.0 [65.9-74.1],69.2 [63.9-74.4],72.3 [67.5-76.9]
Republic of Korea,30.3 [27.2-33.4],34.0 [29.4-38.6],26.4 [22.4-30.7],29.9 [27.0-32.9],33.5 [29.2-37.8],26.2 [22.4-30.2],29.6 [26.9-32.4],33.0 [29.0-37.1],26.0 [22.4-29.8],29.2 [26.6-31.9],32.5 [28.7-36.4],25.8 [22.4-29.3]
Republic of Moldova,51.8 [46.4-57.3],53.5 [45.5-61.3],50.1 [42.8-57.3],51.3 [46.2-56.6],52.9 [45.2-60.5],49.8 [42.8-56.6],50.9 [46.0-55.9],52.3 [44.9-59.6],49.5 [42.8-56.1],50.5 [45.8-55.3],51.7 [44.5-58.6],49.2 [42.8-55.5]
Romania,57.7 [53.3-62.1],64.3 [57.8-70.4],51.1 [44.6-57.6],57.1 [52.9-61.4],63.6 [57.4-69.5],50.7 [44.4-56.9],56.6 [52.5-60.7],63.0 [57.0-68.6],50.3 [44.2-56.2],56.1 [52.2-60.0],62.3 [56.6-67.8],49.9 [44.1-55.6]
Russian Federation,57.1 [52.5-61.6],58.2 [52.0-64.6],55.7 [49.2-61.9],56.7 [52.4-60.9],57.6 [51.8-63.5],55.5 [49.5-61.4],56.3 [52.3-60.3],57.0 [51.4-62.5],55.4 [49.7-61.0],56.0 [52.2-59.7],56.3 [51.1-61.5],55.2 [49.8-60.6]
Rwanda,25.1 [21.2-29.2],15.6 [10.7-21.1],33.5 [27.6-39.5],24.5 [20.8-28.4],15.1 [10.6-20.2],32.7 [27.2-38.4],23.8 [20.3-27.5],14.7 [10.4-19.6],31.9 [26.6-37.3],23.2 [19.9-26.7],14.3 [10.2-18.9],31.1 [26.1-36.3]
Saint Kitts and Nevis,52.3 [46.7-58.2],45.0 [36.7-53.5],59.3 [51.3-66.9],51.6 [46.2-57.3],44.2 [36.3-52.3],58.6 [51.0-65.9],50.9 [45.7-56.4],43.4 [35.8-51.3],57.9 [50.6-65.0],50.2 [45.2-55.4],42.7 [35.4-50.2],57.2 [50.2-64.1]
Saint Lucia,48.1 [42.3-54.1],39.3 [31.0-48.2],56.3 [48.3-64.2],47.3 [41.8-53.2],38.6 [30.7-47.1],55.6 [47.8-63.2],46.6 [41.3-52.2],37.9 [30.4-46.0],54.8 [47.4-62.2],45.9 [40.8-51.3],37.2 [30.2-45.0],54.1 [46.9-61.2]
Saint Vincent and the Grenadines,55.0 [49.4-60.5],48.9 [40.4-57.2],61.1 [53.7-68.4],54.2 [48.9-59.6],48.0 [39.8-56.1],60.5 [53.2-67.5],53.5 [48.2-58.6],47.2 [39.3-55.0],59.8 [52.7-66.7],52.7 [47.7-57.7],46.4 [38.8-53.9],59.2 [52.3-65.9]
Samoa,77.6 [73.4-81.6],73.6 [66.7-79.8],82.0 [77.0-86.4],77.2 [73.1-81.1],73.1 [66.3-79.2],81.6 [76.7-85.9],76.8 [72.8-80.6],72.6 [66.1-78.6],81.2 [76.4-85.5],76.3 [72.4-80.0],72.2 [65.8-77.9],80.7 [76.0-85.0]
San Marino,No data,No data,No data,No data,No data,No data,No data,No data,No data,No data,No data,No data
Sao Tome and Principe,35.4 [30.5-40.4],28.2 [21.4-35.5],41.6 [34.8-48.6],34.7 [30.0-39.5],27.5 [21.1-34.5],41.0 [34.5-47.6],34.1 [29.6-38.6],26.9 [20.8-33.4],40.3 [34.0-46.6],33.4 [29.2-37.7],26.2 [20.4-32.5],39.6 [33.6-45.6]
Saudi Arabia,69.7 [65.9-73.4],68.3 [62.8-73.5],71.8 [66.8-76.6],69.1 [65.6-72.6],67.7 [62.4-72.7],71.4 [66.7-75.9],68.6 [65.3-71.9],67.0 [62.1-71.8],71.0 [66.6-75.3],68.1 [64.9-71.2],66.4 [61.7-71.0],70.6 [66.4-74.7]
Senegal,28.4 [24.3-32.8],19.5 [14.1-25.6],35.9 [29.8-42.2],27.8 [23.9-32.0],19.1 [14.0-24.8],35.2 [29.4-41.3],27.3 [23.5-31.2],18.6 [13.8-24.2],34.6 [29.1-40.3],26.8 [23.2-30.5],18.2 [13.6-23.5],33.9 [28.7-39.3]
Serbia,57.1 [52.6-61.5],63.8 [57.6-69.7],50.5 [44.1-56.9],56.7 [52.3-60.8],63.2 [57.3-68.8],50.2 [44.0-56.2],56.2 [52.0-60.1],62.7 [57.1-68.0],49.8 [43.9-55.6],55.7 [51.7-59.5],62.1 [56.7-67.2],49.4 [43.8-55.0]
Seychelles,36.8 [31.8-41.9],28.5 [21.5-36.2],45.1 [38.6-52.1],36.2 [31.5-41.1],28.0 [21.3-35.3],44.4 [38.1-51.2],35.7 [31.1-40.4],27.4 [21.2-34.5],43.8 [37.7-50.2],35.1 [30.8-39.6],26.9 [21.0-33.7],43.1 [37.3-49.2]
Sierra Leone,27.7 [23.6-32.1],19.1 [13.7-25.1],36.0 [29.9-42.1],27.2 [23.3-31.2],18.7 [13.6-24.3],35.3 [29.6-41.2],26.6 [22.9-30.5],18.2 [13.5-23.5],34.6 [29.2-40.2],26.1 [22.5-29.8],17.8 [13.3-22.9],33.9 [28.7-39.3]
Singapore,31.8 [27.6-35.9],36.3 [30.0-42.9],27.4 [22.2-32.8],31.5 [27.5-35.5],35.8 [29.8-42.2],27.3 [22.4-32.4],31.2 [27.5-35.0],35.4 [29.7-41.5],27.2 [22.5-32.1],31.0 [27.4-34.5],34.9 [29.4-40.8],27.1 [22.5-31.9]
Slovakia,56.2 [51.4-60.7],63.6 [56.9-69.9],48.8 [42.0-55.3],55.8 [51.2-60.1],63.1 [56.6-69.2],48.5 [42.1-54.7],55.3 [51.0-59.5],62.6 [56.4-68.4],48.2 [42.1-54.0],54.9 [50.9-58.9],62.1 [56.1-67.7],47.9 [42.1-53.5]
Slovenia,56.1 [51.0-61.0],62.1 [54.6-68.9],49.9 [42.9-57.1],55.7 [50.8-60.4],61.5 [54.4-68.0],49.6 [42.8-56.4],55.2 [50.6-59.7],61.0 [54.2-67.2],49.2 [42.7-55.7],54.8 [50.3-59.1],60.5 [53.9-66.5],48.9 [42.6-55.1]
Solomon Islands,55.0 [49.2-60.9],49.6 [40.8-58.6],60.5 [52.5-68.1],54.2 [48.6-60.0],48.8 [40.2-57.5],59.7 [52.1-67.2],53.5 [48.1-59.1],48.0 [39.8-56.6],59.0 [51.5-66.4],52.7 [47.4-58.2],47.2 [39.2-55.7],58.3 [51.0-65.5]
Somalia,28.4 [23.6-33.2],20.3 [14.1-27.1],35.9 [28.9-43.1],27.8 [23.3-32.5],19.8 [14.0-26.3],35.2 [28.5-42.2],27.2 [22.9-31.7],19.4 [13.8-25.6],34.5 [28.0-41.1],26.7 [22.5-31.0],18.9 [13.6-24.8],33.8 [27.5-40.2]
South Africa,53.8 [49.8-57.9],40.5 [34.2-46.7],65.4 [59.8-70.6],53.2 [49.4-57.0],39.6 [33.8-45.6],64.9 [59.6-69.8],52.5 [49.0-56.1],38.8 [33.3-44.5],64.3 [59.4-69.1],51.9 [48.5-55.3],38.0 [32.8-43.3],63.8 [59.1-68.3]
South Sudan,No data,No data,No data,No data,No data,No data,No data,No data,No data,No data,No data,No data
Spain,61.6 [57.7-65.4],68.9 [63.5-73.9],54.1 [48.3-59.6],61.3 [57.6-64.9],68.5 [63.3-73.2],53.8 [48.4-59.1],60.9 [57.5-64.4],68.0 [63.2-72.6],53.5 [48.4-58.6],60.5 [57.3-63.8],67.6 [63.0-71.9],53.2 [48.5-58.0]
Sri Lanka,23.3 [19.4-27.3],18.7 [13.5-24.6],27.4 [22.0-33.3],22.6 [18.9-26.5],18.1 [13.2-23.6],26.7 [21.6-32.2],22.0 [18.5-25.6],17.5 [12.9-22.6],26.0 [21.2-31.3],21.3 [18.1-24.8],16.9 [12.6-21.8],25.3 [20.8-30.3]
Sudan,No data,No data,No data,No data,No data,No data,No data,No data,No data,No data,No data,No data
Sudan (former),28.9 [24.4-33.7],19.7 [13.9-26.4],36.1 [29.7-43.0],28.9 [24.5-33.4],19.3 [13.8-25.7],35.4 [29.4-42.1],23.6 [19.5-28.2],21.5 [15.4-28.6] 19.0 [13.7-25.0],34.8 [28.9-41.2] 33.9 [27.1-41.4],23.3 [19.4-27.7],21.1 [15.4-27.7] 18.6 [13.6-24.4],34.1 [28.4-40.2] 33.3 [26.8-40.3]
Suriname,58.9 [53.9-63.9],53.4 [45.7-60.8],64.2 [57.2-70.8],58.4 [53.6-63.3],52.7 [45.2-60.0],63.7 [57.0-70.1],57.8 [53.2-62.5],52.1 [44.7-59.2],63.3 [56.8-69.4],57.3 [52.8-61.8],51.4 [44.3-58.3],62.8 [56.5-68.8]
Swaziland,38.4 [33.5-43.5],22.2 [16.1-29.4],52.6 [45.5-60.1],37.9 [33.1-42.8],21.8 [15.9-28.6],51.9 [44.9-59.2],37.3 [32.8-42.1],21.3 [15.7-27.8],51.2 [44.5-58.2],36.8 [32.4-41.4],20.9 [15.5-27.1],50.5 [43.9-57.3]
Sweden,56.4 [52.4-60.4],64.2 [58.6-69.4],48.5 [42.5-54.4],56.0 [52.2-59.8],63.7 [58.5-68.6],48.1 [42.6-53.8],55.6 [52.0-59.2],63.2 [58.3-67.8],47.8 [42.6-53.1],55.2 [51.8-58.6],62.7 [58.0-67.1],47.5 [42.6-52.5]
Switzerland,54.3 [50.0-58.2],62.6 [56.9-68.1],45.9 [39.7-51.9],53.9 [49.9-57.6],62.2 [56.8-67.3],45.6 [39.7-51.3],53.5 [49.7-57.1],61.8 [56.7-66.6],45.3 [39.6-50.7],53.1 [49.5-56.6],61.3 [56.5-65.9],45.0 [39.6-50.1]
Syrian Arab Republic,61.4 [56.5-66.1],57.3 [50.3-64.5],65.4 [58.9-71.7],60.7 [56.0-65.2],56.5 [49.8-63.3],64.8 [58.6-70.9],60.0 [55.5-64.3],55.7 [49.3-62.3],64.2 [58.3-70.0],59.3 [55.0-63.5],55.0 [48.9-61.3],63.6 [57.8-69.3]
Tajikistan,45.3 [39.9-51.0],44.2 [36.0-53.0],46.3 [39.2-53.5],44.6 [39.4-50.1],43.5 [35.7-51.9],45.6 [38.7-52.5],43.9 [38.9-49.2],42.8 [35.3-51.0],44.8 [38.2-51.5],43.2 [38.3-48.3],42.1 [34.7-50.1],44.1 [37.7-50.6]
Thailand,32.6 [28.2-37.1],29.2 [23.1-36.0],35.6 [29.7-41.9],31.6 [27.5-35.8],28.1 [22.4-34.5],34.7 [29.1-40.6],30.6 [26.8-34.5],27.0 [21.7-33.0],33.8 [28.6-39.4],29.6 [26.0-33.3],25.9 [20.9-31.6],33.0 [28.0-38.2]
The former Yugoslav republic of Macedonia,58.1 [53.0-63.0],64.9 [57.9-71.5],51.2 [43.9-58.3],57.6 [52.8-62.4],64.3 [57.5-70.7],50.9 [44.0-57.7],57.2 [52.6-61.8],63.8 [57.1-69.9],50.5 [43.9-57.1],56.7 [52.3-61.2],63.2 [56.8-69.2],50.2 [43.8-56.5]
Timor-Leste,21.6 [17.8-25.6],18.7 [13.4-24.6],24.3 [18.9-30.0],20.9 [17.4-24.7],18.1 [13.1-23.7],23.6 [18.5-29.1],20.3 [16.9-23.8],17.4 [12.7-22.7],23.0 [18.2-28.1],19.6 [16.4-23.0],16.8 [12.3-21.8],22.4 [17.9-27.1]
Togo,28.1 [23.9-32.6],19.6 [14.0-25.7],35.8 [29.7-42.1],27.5 [23.6-31.8],19.1 [13.9-24.8],35.0 [29.3-41.1],26.9 [23.1-30.9],18.7 [13.7-24.1],34.3 [28.8-40.1],26.3 [22.7-30.2],18.2 [13.5-23.4],33.6 [28.4-39.1]
Tonga,78.5 [74.3-82.5],74.8 [67.9-80.9],82.2 [77.1-86.7],78.1 [74.0-81.9],74.2 [67.6-80.3],81.8 [76.8-86.2],77.6 [73.6-81.4],73.7 [67.2-79.6],81.4 [76.5-85.8],77.2 [73.3-80.9],73.2 [66.8-78.9],80.9 [76.2-85.3]
Trinidad and Tobago,46.0 [39.7-52.5],37.1 [28.0-46.5],54.5 [46.0-63.3],45.3 [39.3-51.5],36.4 [27.8-45.5],53.7 [45.5-62.2],44.6 [38.8-50.5],35.8 [27.5-44.5],52.9 [45.0-61.2],43.9 [38.3-49.6],35.2 [27.2-43.5],52.1 [44.4-60.0]
Tunisia,61.6 [57.2-66.0],57.1 [50.5-63.8],65.8 [60.0-71.6],61.0 [56.8-65.2],56.4 [50.1-62.7],65.3 [59.8-70.8],60.4 [56.3-64.3],55.7 [49.6-61.8],64.8 [59.5-70.0],59.7 [55.8-63.5],54.9 [49.1-60.7],64.2 [59.2-69.2]
Turkey,66.8 [63.3-70.3],64.0 [58.6-69.4],69.3 [64.5-73.9],66.2 [62.9-69.6],63.3 [58.2-68.4],68.8 [64.2-73.1],65.6 [62.5-68.8],62.6 [57.8-67.3],68.3 [63.9-72.4],65.0 [62.0-67.9],61.9 [57.3-66.3],67.8 [63.6-71.7]
Turkmenistan,51.8 [46.6-56.9],52.0 [44.2-59.6],51.5 [44.3-58.6],51.1 [46.0-56.1],51.2 [43.7-58.6],50.8 [44.0-57.6],50.4 [45.5-55.2],50.4 [43.1-57.6],50.1 [43.6-56.8],49.6 [45.0-54.4],49.7 [42.6-56.7],49.5 [43.1-56.0]
Tuvalu,81.9 [78.1-85.3],80.0 [74.3-85.1],83.8 [79.0-88.1],81.4 [77.7-84.8],79.4 [73.9-84.4],83.4 [78.6-87.7],80.9 [77.3-84.2],78.8 [73.5-83.8],83.0 [78.3-87.3],80.4 [76.8-83.7],78.2 [72.9-83.2],82.6 [77.9-86.8]
Uganda,22.4 [18.7-26.3],13.7 [9.3-18.8],30.9 [25.2-36.6],21.9 [18.4-25.5],13.4 [9.2-18.3],30.1 [24.8-35.5],21.4 [18.0-24.8],13.1 [9.1-17.7],29.4 [24.3-34.5],20.9 [17.7-24.1],12.8 [9.0-17.2],28.7 [23.8-33.5]
Ukraine,58.4 [52.9-63.8],61.4 [53.9-68.6],55.5 [47.8-62.9],58.0 [52.7-63.1],60.8 [53.5-67.8],55.3 [47.9-62.4],57.6 [52.5-62.6],60.2 [53.3-67.0],55.1 [48.1-62.0],57.2 [52.3-62.0],59.6 [52.8-66.2],54.9 [48.1-61.6]
United Arab Emirates,67.8 [63.2-72.4],66.3 [60.0-72.3],71.1 [65.3-76.6],67.2 [62.7-71.6],65.6 [59.5-71.4],70.7 [65.2-76.0],66.7 [62.3-70.9],65.0 [59.2-70.6],70.3 [65.0-75.3],66.0 [61.9-70.2],64.3 [58.7-69.8],69.9 [64.8-74.7]
United Kingdom of Great Britain and Northern Ireland,63.7 [60.9-66.5],68.6 [64.5-72.5],58.9 [54.7-63.2],63.2 [60.5-65.8],68.1 [64.3-71.7],58.4 [54.5-62.3],62.7 [60.2-65.2],67.6 [64.1-71.0],57.9 [54.2-61.6],62.2 [59.9-64.5],67.0 [63.8-70.2],57.4 [54.0-60.8]
United Republic of Tanzania,27.7 [23.9-31.8],19.6 [14.2-25.8],35.5 [29.8-41.2],27.0 [23.4-31.0],19.0 [14.0-24.9],34.6 [29.3-40.1],26.4 [22.9-30.1],18.5 [13.8-24.1],33.8 [28.9-38.9],25.7 [22.4-29.3],18.0 [13.5-23.3],33.0 [28.2-37.8]
United States of America,67.9 [64.5-71.1],72.7 [68.3-77.1],63.2 [58.2-68.0],67.4 [64.3-70.4],72.3 [68.0-76.3],62.6 [58.0-67.2],66.9 [63.9-69.7],71.8 [67.8-75.7],62.1 [57.7-66.4],66.4 [63.6-69.1],71.3 [67.5-75.0],61.6 [57.5-65.6]
Uruguay,62.9 [58.1-67.7],64.9 [58.2-71.4],60.8 [53.8-67.8],62.4 [57.7-66.9],64.3 [57.8-70.5],60.4 [53.8-67.1],61.9 [57.4-66.2],63.6 [57.4-69.7],60.0 [53.7-66.5],61.3 [57.0-65.5],63.0 [57.0-68.7],59.7 [53.5-65.9]
Uzbekistan,48.2 [42.9-53.6],47.3 [39.2-55.1],48.9 [41.8-56.2],47.5 [42.4-52.6],46.6 [38.9-54.0],48.2 [41.5-55.2],46.8 [41.9-51.7],45.9 [38.5-53.1],47.5 [41.1-54.2],46.1 [41.4-50.9],45.3 [38.1-52.3],46.8 [40.6-53.3]
Vanuatu,57.1 [50.9-63.1],52.2 [42.9-61.2],62.0 [54.1-69.5],56.4 [50.4-62.2],51.5 [42.4-60.3],61.3 [53.6-68.6],55.7 [49.8-61.4],50.7 [41.8-59.4],60.6 [53.1-67.9],55.0 [49.2-60.5],50.0 [41.4-58.6],60.0 [52.6-67.0]
Venezuela (Bolivarian Republic of),63.4 [59.2-67.6],62.9 [56.7-69.1],63.8 [57.7-69.6],63.0 [58.9-67.0],62.4 [56.5-68.3],63.5 [57.7-69.1],62.6 [58.7-66.4],61.9 [56.3-67.5],63.2 [57.6-68.5],62.2 [58.4-65.9],61.4 [56.0-66.8],62.9 [57.6-68.1]
Viet Nam,18.3 [14.8-21.8],15.8 [11.3-21.0],20.5 [15.6-25.7],17.7 [14.4-20.9],15.1 [10.9-19.9],19.9 [15.3-24.7],17.1 [14.0-20.1],14.4 [10.6-18.9],19.3 [14.9-23.7],16.4 [13.6-19.3],13.8 [10.1-17.9],18.7 [14.6-22.8]
Yemen,48.8 [43.7-54.0],44.1 [36.3-51.7],53.3 [46.4-60.1],48.0 [43.1-52.9],43.2 [35.7-50.4],52.4 [45.8-59.0],47.1 [42.4-51.9],42.3 [35.3-49.2],51.6 [45.3-57.9],46.2 [41.8-50.8],41.4 [34.8-48.1],50.7 [44.7-56.8]
Zambia,27.8 [23.7-32.2],19.0 [13.4-25.7],36.3 [30.4-42.7],27.3 [23.4-31.3],18.6 [13.3-24.8],35.6 [30.0-41.6],26.7 [23.0-30.5],18.2 [13.1-24.1],34.9 [29.6-40.5],26.1 [22.6-29.8],17.7 [13.0-23.4],34.2 [29.2-39.5]
Zimbabwe,38.2 [33.6-42.9],22.2 [16.2-28.7],52.8 [46.1-59.6],37.7 [33.4-42.2],21.8 [16.1-28.0],52.2 [45.8-58.6],37.3 [33.2-41.7],21.5 [16.0-27.4],51.7 [45.5-57.8],37.0 [32.9-41.1],21.1 [15.8-26.9],51.1 [45.2-57.0]
